"$id","product_cd"
"4781","102600732"
"4780","102600504"
"4779","102500613"
"4778","102500268"
"4777","102500267"
"4776","102500157"
"4775","102400354"
"4774","102300456"
"4773","102300455"
"4772","102300454"
"4771","102300453"
"4770","102300452"
"4769","102300451"
"4768","102300450"
"4767","102300447"
"4766","102300443"
"4765","102300440"
"4764","102300362"
"4763","102300361"
"4762","102300358"
"4761","102300348"
"4760","102201238"
"4759","102200859"
"4758","102200370"
"4757","102200189"
"4756","102200188"
"4755","102200186"
"4754","102100267"
"4753","101701057"
"4752","101701056"
"4751","101701055"
"4750","101700935"
"4749","101700495"
"4748","101700493"
"4747","101700485"
"4746","101700194"
"4745","101500172"
"4744","101500171"
"4743","101500169"
"4742","101400126"
"4741","100500224"
"4740","100500223"
"4472","102500334"
"4471","102500331"
"4470","102500270"
"4469","102500207"
"4455","102300404"
"4454","102300360"
"4453","102300359"
"4451","102300357"
"4450","102300318"
"4447","102201162"
"4445","102200756"
"4444","102200743"
"4443","102200742"
"4442","102200563"
"4440","102200187"
"4437","102000321"
"4436","102000320"
"4435","102000319"
"4434","102000318"
"4433","102000317"
"4432","102000316"
"4431","102000152"
"4430","102000151"
"4429","102000150"
"4428","102000149"
"4427","102000148"
"4426","102000147"
"4425","101700819"
"4424","101700734"
"4423","101700727"
"4422","101700413"
"4421","101700412"
"4420","101700381"
"4419","101700287"
"4418","101700284"
"4417","101700226"
"4416","101600625"
"4415","101500170"
"4414","101100404"
"4413","101000801"
"4412","100900502"
"4411","100900219"
"4410","100800209"
"4408","100700125"
"4407","100500446"
"4399","100300903"
"4398","100300131"
"4396","100100903"
"4395","100100902"
"4394","100100901"
"4393","100100113"
"4392","102609286"
"4391","102609285"
"4390","102609284"
"4389","102609283"
"4388","102609282"
"4387","102609281"
"4386","102609280"
"4385","102609279"
"4384","102609278"
"4383","102609277"
"4382","102609276"
"4381","102609275"
"4380","102609274"
"4379","102609273"
"4378","102609272"
"4377","102609271"
"4376","102609270"
"4375","102609269"
"4374","102609268"
"4373","102609267"
"4372","102609266"
"4371","102609265"
"4370","102609264"
"4369","102609263"
"4368","102609262"
"4367","102609261"
"4366","102609260"
"4365","102609259"
"4364","102609258"
"4363","102609257"
"4362","102609256"
"4361","102609255"
"4360","102609254"
"4359","102609253"
"4358","102609252"
"4357","102609251"
"4356","102609250"
"4355","102609249"
"4354","102609248"
"4353","102609247"
"4352","102609246"
"4351","102609245"
"4350","102609244"
"4349","102609243"
"4348","102609242"
"4347","102609241"
"4346","102609240"
"4345","102609239"
"4344","102609238"
"4343","102609237"
"4342","102609236"
"4341","102609235"
"4340","102609234"
"4339","102609233"
"4338","102609232"
"4337","102609231"
"4336","102609230"
"4335","102609229"
"4334","102609228"
"4333","102609227"
"4332","102609226"
"4331","102609225"
"4330","102609224"
"4329","102609223"
"4328","102609222"
"4327","102609221"
"4326","102609220"
"4325","102609219"
"4324","102609218"
"4323","102609217"
"4322","102609216"
"4321","102609215"
"4320","102609214"
"4319","102609213"
"4318","102609212"
"4317","102609211"
"4315","102609209"
"4314","102609208"
"4313","102609207"
"4312","102609206"
"4311","102609205"
"4310","102609204"
"4309","102609203"
"4308","102609202"
"4307","102609201"
"4305","102609030"
"4304","102609029"
"4303","102609028"
"4302","102609027"
"4301","102609026"
"4300","102609025"
"4299","102609024"
"4298","102609023"
"4297","102609022"
"4296","102609020"
"4295","102609019"
"4294","102609018"
"4293","102609017"
"4292","102609016"
"4291","102609015"
"4290","102609013"
"4289","102609012"
"4288","102609011"
"4287","102609010"
"4286","102609009"
"4285","102609008"
"4284","102609007"
"4283","102609006"
"4282","102609005"
"4281","102609004"
"4280","102609003"
"4279","102605304"
"4278","102605303"
"4277","102605302"
"4276","102605301"
"4275","102605300"
"4274","102605299"
"4273","102605298"
"4272","102605297"
"4271","102605296"
"4270","102605295"
"4269","102605294"
"4268","102605293"
"4267","102605292"
"4266","102605291"
"4265","102605290"
"4264","102605289"
"4263","102605288"
"4262","102605287"
"4261","102605286"
"4260","102605285"
"4259","102605284"
"4258","102605283"
"4257","102605282"
"4256","102605281"
"4255","102605280"
"4254","102605279"
"4253","102605278"
"4252","102605277"
"4251","102605276"
"4250","102605275"
"4249","102605274"
"4248","102605273"
"4247","102605272"
"4246","102605271"
"4245","102605270"
"4244","102605269"
"4243","102605268"
"4242","102605267"
"4241","102605266"
"4240","102605265"
"4239","102605264"
"4238","102605263"
"4237","102605262"
"4236","102605261"
"4235","102605260"
"4234","102605259"
"4233","102605258"
"4232","102605257"
"4231","102605256"
"4230","102605255"
"4229","102605254"
"4228","102605253"
"4227","102605252"
"4226","102605251"
"4225","102605250"
"4224","102605249"
"4223","102605248"
"4222","102605247"
"4221","102605246"
"4220","102605245"
"4219","102605244"
"4218","102605243"
"4217","102605242"
"4216","102605241"
"4215","102605240"
"4214","102605239"
"4213","102605238"
"4212","102605237"
"4211","102605236"
"4210","102605235"
"4209","102605234"
"4208","102605233"
"4207","102605232"
"4206","102605231"
"4205","102605230"
"4204","102605229"
"4203","102605228"
"4202","102605227"
"4201","102605226"
"4200","102605225"
"4199","102605224"
"4198","102605223"
"4197","102605222"
"4196","102605221"
"4195","102605220"
"4194","102605219"
"4193","102605218"
"4192","102605217"
"4191","102605216"
"4190","102605215"
"4189","102605214"
"4188","102605213"
"4187","102605212"
"4186","102605211"
"4185","102605210"
"4184","102605209"
"4183","102605208"
"4182","102605207"
"4181","102605206"
"4180","102605205"
"4179","102605204"
"4178","102605203"
"4177","102605202"
"4176","102605201"
"4175","102605007"
"4174","102605006"
"4173","102605005"
"4172","102605004"
"4171","102605003"
"4170","102605002"
"4169","102605001"
"4168","102604460"
"4167","102604459"
"4166","102604458"
"4165","102604457"
"4164","102604456"
"4163","102604455"
"4162","102604454"
"4161","102604453"
"4160","102604452"
"4159","102604451"
"4158","102604450"
"4157","102604449"
"4156","102604448"
"4155","102604447"
"4154","102604446"
"4153","102604445"
"4152","102604444"
"4151","102604443"
"4150","102604442"
"4149","102604441"
"4148","102604440"
"4147","102604439"
"4146","102604438"
"4145","102604437"
"4144","102604436"
"4143","102604435"
"4142","102604434"
"4141","102604433"
"4140","102604432"
"4139","102604431"
"4138","102604430"
"4137","102604429"
"4136","102604428"
"4135","102604427"
"4134","102604426"
"4133","102604425"
"4132","102604424"
"4131","102604423"
"4130","102604422"
"4129","102604421"
"4128","102604420"
"4127","102604419"
"4126","102604418"
"4125","102604417"
"4124","102604416"
"4123","102604415"
"4122","102604414"
"4121","102604413"
"4120","102604412"
"4119","102604411"
"4118","102604410"
"4117","102604409"
"4116","102604408"
"4115","102604407"
"4114","102604406"
"4113","102604405"
"4112","102604404"
"4111","102604403"
"4110","102604402"
"4109","102604401"
"4108","102604400"
"4107","102604399"
"4106","102604398"
"4105","102604397"
"4104","102604396"
"4103","102604395"
"4102","102604394"
"4101","102604393"
"4100","102604392"
"4099","102604391"
"4098","102604390"
"4097","102604389"
"4096","102604388"
"4095","102604387"
"4094","102604386"
"4093","102604385"
"4092","102604384"
"4091","102604383"
"4090","102604382"
"4089","102604381"
"4088","102604380"
"4087","102604379"
"4086","102604378"
"4085","102604377"
"4084","102604376"
"4083","102604375"
"4082","102604374"
"4081","102604373"
"4080","102604372"
"4079","102604371"
"4078","102604370"
"4077","102604369"
"4076","102604368"
"4075","102604367"
"4074","102604366"
"4073","102604365"
"4072","102604364"
"4071","102604363"
"4070","102604362"
"4069","102604361"
"4068","102604360"
"4067","102604359"
"4066","102604358"
"4065","102604357"
"4064","102604356"
"4063","102604355"
"4062","102604354"
"4061","102604353"
"4060","102604352"
"4059","102604351"
"4058","102604350"
"4057","102604349"
"4056","102604348"
"4055","102604347"
"4054","102604346"
"4053","102604345"
"4052","102604344"
"4051","102604343"
"4050","102604342"
"4049","102604341"
"4048","102604340"
"4047","102604339"
"4046","102604338"
"4045","102604337"
"4044","102604336"
"4043","102604335"
"4042","102604334"
"4041","102604333"
"4040","102604332"
"4039","102604331"
"4038","102604330"
"4037","102604329"
"4036","102604328"
"4035","102604327"
"4034","102604326"
"4033","102604325"
"4032","102604324"
"4031","102604323"
"4030","102604322"
"4029","102604321"
"4028","102604320"
"4027","102604319"
"4026","102604318"
"4025","102604317"
"4024","102604316"
"4023","102604315"
"4022","102604314"
"4021","102604313"
"4020","102604312"
"4019","102604311"
"4018","102604310"
"4017","102604309"
"4016","102604308"
"4015","102604307"
"4014","102604306"
"4013","102604305"
"4012","102604304"
"4011","102604303"
"4010","102604302"
"4009","102604301"
"4008","102604300"
"4007","102604299"
"4006","102604298"
"4005","102604297"
"4004","102604296"
"4003","102604295"
"4002","102604294"
"4001","102604293"
"4000","102604292"
"3999","102604291"
"3998","102604290"
"3997","102604289"
"3996","102604288"
"3995","102604287"
"3994","102604286"
"3993","102604285"
"3992","102604284"
"3991","102604283"
"3990","102604282"
"3989","102604281"
"3988","102604280"
"3987","102604279"
"3986","102604278"
"3985","102604277"
"3984","102604276"
"3983","102604275"
"3982","102604274"
"3981","102604273"
"3980","102604272"
"3979","102604271"
"3978","102604270"
"3977","102604269"
"3976","102604268"
"3975","102604267"
"3974","102604266"
"3973","102604265"
"3972","102604264"
"3971","102604263"
"3970","102604262"
"3969","102604261"
"3968","102604260"
"3967","102604259"
"3966","102604258"
"3965","102604257"
"3964","102604256"
"3963","102604255"
"3962","102604254"
"3961","102604253"
"3960","102604252"
"3959","102604251"
"3958","102604250"
"3957","102604249"
"3956","102604248"
"3955","102604247"
"3954","102604246"
"3953","102604245"
"3952","102604244"
"3951","102604243"
"3950","102604242"
"3949","102604241"
"3948","102604240"
"3947","102604239"
"3946","102604238"
"3945","102604237"
"3944","102604236"
"3943","102604235"
"3942","102604234"
"3941","102604233"
"3940","102604232"
"3939","102604231"
"3938","102604230"
"3937","102604229"
"3936","102604228"
"3935","102604227"
"3934","102604226"
"3933","102604225"
"3932","102604224"
"3931","102604223"
"3930","102604222"
"3929","102604221"
"3928","102604220"
"3927","102604219"
"3926","102604218"
"3925","102604217"
"3924","102604216"
"3923","102604215"
"3922","102604214"
"3921","102604213"
"3920","102604212"
"3919","102604211"
"3918","102604210"
"3917","102604209"
"3916","102604208"
"3915","102604207"
"3914","102604206"
"3913","102604205"
"3912","102604204"
"3911","102604203"
"3910","102604202"
"3909","102604201"
"3908","102604058"
"3907","102604057"
"3906","102604056"
"3905","102604055"
"3904","102604054"
"3903","102604053"
"3902","102604052"
"3901","102604051"
"3900","102604050"
"3899","102604049"
"3898","102604048"
"3897","102604047"
"3896","102604046"
"3895","102604045"
"3894","102604044"
"3893","102604043"
"3892","102604041"
"3891","102604040"
"3890","102604039"
"3889","102604038"
"3888","102604037"
"3887","102604036"
"3886","102604035"
"3885","102604034"
"3884","102604033"
"3883","102604032"
"3882","102604031"
"3881","102604030"
"3880","102604029"
"3879","102604028"
"3878","102604027"
"3877","102604026"
"3876","102604025"
"3875","102604024"
"3874","102604023"
"3873","102604022"
"3872","102604021"
"3871","102604020"
"3870","102604019"
"3869","102604018"
"3868","102604017"
"3867","102604016"
"3866","102604015"
"3865","102604014"
"3864","102604013"
"3863","102604012"
"3862","102604011"
"3861","102604010"
"3860","102604009"
"3859","102604008"
"3858","102604007"
"3857","102604006"
"3856","102604005"
"3855","102604004"
"3854","102604003"
"3853","102604002"
"3852","102604001"
"3851","102603464"
"3850","102603463"
"3849","102603462"
"3848","102603461"
"3847","102603460"
"3846","102603459"
"3845","102603458"
"3844","102603457"
"3843","102603456"
"3842","102603455"
"3841","102603454"
"3840","102603453"
"3839","102603452"
"3838","102603451"
"3837","102603450"
"3836","102603449"
"3835","102603448"
"3834","102603447"
"3833","102603446"
"3832","102603445"
"3831","102603444"
"3830","102603443"
"3829","102603442"
"3828","102603441"
"3827","102603440"
"3826","102603439"
"3825","102603438"
"3824","102603437"
"3823","102603436"
"3822","102603435"
"3821","102603434"
"3820","102603433"
"3819","102603432"
"3818","102603431"
"3817","102603430"
"3816","102603429"
"3815","102603428"
"3814","102603427"
"3813","102603426"
"3812","102603425"
"3811","102603424"
"3810","102603423"
"3809","102603422"
"3808","102603421"
"3807","102603420"
"3806","102603419"
"3805","102603418"
"3804","102603417"
"3803","102603416"
"3802","102603415"
"3801","102603414"
"3800","102603413"
"3799","102603412"
"3798","102603411"
"3797","102603410"
"3796","102603409"
"3795","102603408"
"3794","102603407"
"3793","102603406"
"3792","102603405"
"3791","102603404"
"3790","102603403"
"3789","102603402"
"3788","102603401"
"3787","102603400"
"3786","102603399"
"3785","102603398"
"3784","102603397"
"3783","102603396"
"3782","102603395"
"3781","102603394"
"3780","102603393"
"3779","102603392"
"3778","102603391"
"3777","102603390"
"3776","102603389"
"3775","102603388"
"3774","102603387"
"3773","102603386"
"3772","102603385"
"3771","102603384"
"3770","102603383"
"3769","102603382"
"3768","102603381"
"3767","102603380"
"3766","102603379"
"3765","102603378"
"3764","102603377"
"3763","102603376"
"3762","102603375"
"3761","102603374"
"3760","102603373"
"3759","102603372"
"3758","102603371"
"3757","102603370"
"3756","102603369"
"3755","102603368"
"3754","102603367"
"3753","102603366"
"3752","102603365"
"3751","102603364"
"3750","102603363"
"3749","102603362"
"3748","102603361"
"3747","102603360"
"3746","102603359"
"3745","102603358"
"3744","102603357"
"3743","102603356"
"3742","102603355"
"3741","102603354"
"3740","102603353"
"3739","102603352"
"3738","102603351"
"3737","102603350"
"3736","102603349"
"3735","102603348"
"3734","102603347"
"3733","102603346"
"3732","102603345"
"3731","102603344"
"3730","102603343"
"3729","102603342"
"3728","102603341"
"3727","102603340"
"3726","102603339"
"3725","102603338"
"3724","102603337"
"3723","102603336"
"3722","102603335"
"3721","102603334"
"3720","102603333"
"3719","102603332"
"3718","102603331"
"3717","102603330"
"3716","102603329"
"3715","102603328"
"3714","102603327"
"3713","102603326"
"3712","102603325"
"3711","102603324"
"3710","102603323"
"3709","102603322"
"3708","102603321"
"3707","102603320"
"3706","102603319"
"3705","102603318"
"3704","102603317"
"3703","102603316"
"3702","102603315"
"3701","102603314"
"3700","102603313"
"3699","102603312"
"3698","102603311"
"3697","102603310"
"3696","102603309"
"3695","102603308"
"3694","102603307"
"3693","102603306"
"3692","102603305"
"3691","102603304"
"3690","102603303"
"3689","102603302"
"3688","102603301"
"3687","102603300"
"3686","102603299"
"3685","102603298"
"3684","102603297"
"3683","102603296"
"3682","102603295"
"3681","102603294"
"3680","102603293"
"3679","102603292"
"3678","102603291"
"3677","102603290"
"3676","102603289"
"3675","102603288"
"3674","102603287"
"3673","102603286"
"3672","102603285"
"3671","102603284"
"3670","102603283"
"3669","102603282"
"3668","102603281"
"3667","102603280"
"3666","102603279"
"3665","102603278"
"3664","102603277"
"3663","102603276"
"3662","102603275"
"3661","102603274"
"3660","102603273"
"3659","102603272"
"3658","102603271"
"3657","102603270"
"3656","102603269"
"3655","102603268"
"3654","102603267"
"3653","102603266"
"3652","102603265"
"3651","102603264"
"3650","102603263"
"3649","102603262"
"3648","102603261"
"3647","102603260"
"3646","102603259"
"3645","102603258"
"3644","102603257"
"3643","102603256"
"3642","102603255"
"3641","102603254"
"3640","102603253"
"3639","102603252"
"3638","102603251"
"3637","102603250"
"3636","102603249"
"3635","102603248"
"3634","102603247"
"3633","102603246"
"3632","102603245"
"3631","102603244"
"3630","102603243"
"3629","102603242"
"3628","102603241"
"3627","102603240"
"3626","102603239"
"3625","102603238"
"3624","102603237"
"3623","102603236"
"3622","102603235"
"3621","102603234"
"3620","102603233"
"3619","102603232"
"3618","102603231"
"3617","102603230"
"3616","102603229"
"3615","102603228"
"3614","102603227"
"3613","102603226"
"3612","102603225"
"3611","102603224"
"3610","102603223"
"3609","102603222"
"3608","102603221"
"3607","102603220"
"3606","102603219"
"3605","102603218"
"3604","102603217"
"3603","102603216"
"3602","102603215"
"3601","102603214"
"3600","102603213"
"3599","102603212"
"3598","102603211"
"3597","102603210"
"3596","102603209"
"3595","102603208"
"3594","102603207"
"3593","102603206"
"3592","102603205"
"3591","102603204"
"3590","102603203"
"3589","102603202"
"3588","102603201"
"3587","102603053"
"3586","102603052"
"3585","102603051"
"3584","102603050"
"3583","102603049"
"3582","102603048"
"3581","102603047"
"3580","102603046"
"3579","102603045"
"3578","102603044"
"3577","102603043"
"3576","102603042"
"3575","102603041"
"3574","102603040"
"3573","102603039"
"3572","102603038"
"3571","102603037"
"3570","102603036"
"3569","102603035"
"3568","102603034"
"3567","102603033"
"3566","102603032"
"3565","102603031"
"3564","102603030"
"3563","102603029"
"3562","102603028"
"3561","102603027"
"3560","102603026"
"3559","102603025"
"3558","102603024"
"3557","102603023"
"3556","102603022"
"3555","102603021"
"3554","102603020"
"3553","102603019"
"3552","102603018"
"3551","102603017"
"3550","102603016"
"3549","102603015"
"3548","102603014"
"3547","102603013"
"3546","102603012"
"3545","102603011"
"3544","102603010"
"3543","102603009"
"3542","102603008"
"3541","102603007"
"3540","102603006"
"3539","102603005"
"3538","102603004"
"3537","102603003"
"3536","102603002"
"3535","102603001"
"3534","102602343"
"3533","102602342"
"3532","102602341"
"3531","102602340"
"3530","102602339"
"3529","102602338"
"3528","102602337"
"3527","102602336"
"3526","102602335"
"3525","102602334"
"3524","102602333"
"3523","102602332"
"3522","102602331"
"3521","102602330"
"3520","102602329"
"3519","102602328"
"3518","102602327"
"3517","102602326"
"3516","102602325"
"3515","102602324"
"3514","102602323"
"3513","102602322"
"3512","102602321"
"3511","102602320"
"3510","102602319"
"3509","102602318"
"3508","102602317"
"3507","102602316"
"3506","102602315"
"3505","102602314"
"3504","102602313"
"3503","102602312"
"3502","102602311"
"3501","102602310"
"3500","102602309"
"3499","102602308"
"3498","102602307"
"3497","102602306"
"3496","102602305"
"3495","102602304"
"3494","102602303"
"3493","102602302"
"3492","102602301"
"3491","102602300"
"3490","102602299"
"3489","102602298"
"3488","102602297"
"3487","102602296"
"3486","102602295"
"3485","102602294"
"3484","102602293"
"3483","102602292"
"3482","102602291"
"3481","102602290"
"3480","102602289"
"3479","102602288"
"3478","102602287"
"3477","102602286"
"3476","102602285"
"3475","102602284"
"3474","102602283"
"3473","102602282"
"3472","102602281"
"3471","102602280"
"3470","102602279"
"3469","102602278"
"3468","102602277"
"3467","102602276"
"3466","102602275"
"3465","102602274"
"3464","102602273"
"3463","102602272"
"3462","102602271"
"3461","102602270"
"3460","102602269"
"3459","102602268"
"3458","102602267"
"3457","102602266"
"3456","102602265"
"3455","102602264"
"3454","102602263"
"3453","102602262"
"3452","102602261"
"3451","102602260"
"3450","102602259"
"3449","102602258"
"3448","102602257"
"3447","102602256"
"3446","102602255"
"3445","102602254"
"3444","102602253"
"3443","102602252"
"3442","102602251"
"3441","102602250"
"3440","102602249"
"3439","102602248"
"3438","102602247"
"3437","102602246"
"3436","102602245"
"3435","102602244"
"3434","102602243"
"3433","102602242"
"3432","102602241"
"3431","102602240"
"3430","102602239"
"3429","102602238"
"3428","102602237"
"3427","102602236"
"3426","102602235"
"3425","102602234"
"3424","102602233"
"3423","102602232"
"3422","102602231"
"3421","102602230"
"3420","102602229"
"3419","102602228"
"3418","102602227"
"3417","102602226"
"3416","102602225"
"3415","102602224"
"3414","102602223"
"3413","102602222"
"3412","102602221"
"3411","102602220"
"3410","102602219"
"3409","102602218"
"3408","102602217"
"3407","102602216"
"3406","102602215"
"3405","102602214"
"3404","102602213"
"3403","102602212"
"3402","102602211"
"3401","102602210"
"3400","102602209"
"3399","102602208"
"3398","102602207"
"3397","102602206"
"3396","102602205"
"3395","102602204"
"3394","102602203"
"3393","102602202"
"3392","102602201"
"3391","102602033"
"3390","102602032"
"3389","102602031"
"3388","102602030"
"3387","102602029"
"3386","102602028"
"3385","102602027"
"3384","102602026"
"3383","102602025"
"3382","102602024"
"3381","102602023"
"3380","102602022"
"3379","102602021"
"3378","102602020"
"3377","102602019"
"3376","102602018"
"3375","102602017"
"3374","102602016"
"3373","102602015"
"3372","102602014"
"3371","102602013"
"3370","102602012"
"3369","102602011"
"3368","102602010"
"3367","102602009"
"3366","102602008"
"3365","102602007"
"3364","102602006"
"3363","102602005"
"3362","102602004"
"3361","102602003"
"3360","102602002"
"3359","102602001"
"3355","200100116"
"3354","200100115"
"3353","200100114"
"3352","200100113"
"3351","200100112"
"3350","200100111"
"3349","200100110"
"3345","200100106"
"3344","200100105"
"3343","200100104"
"3342","200100103"
"3341","200100102"
"3340","200100101"
"3339","102900408"
"3338","102900407"
"3337","102900406"
"3336","102900405"
"3335","102900404"
"3334","102900403"
"3333","102900402"
"3332","102900401"
"3331","102900308"
"3330","102900307"
"3328","102900305"
"3327","102900304"
"3326","102900303"
"3325","102900302"
"3324","102900301"
"3323","102900205"
"3322","102900204"
"3321","102900203"
"3320","102900202"
"3319","102900201"
"3318","102900103"
"3317","102900102"
"3316","102900101"
"3060","102700715"
"3059","102700714"
"3058","102700713"
"3057","102700712"
"3056","102700711"
"3055","102700710"
"3054","102700709"
"3053","102700708"
"3052","102700707"
"3051","102700706"
"3050","102700705"
"3049","102700704"
"3048","102700703"
"3047","102700702"
"3046","102700701"
"3045","102701004"
"3044","102701003"
"3043","102701002"
"3042","102701001"
"3041","102700601"
"3039","102700401"
"3038","102700302"
"3037","102700301"
"3036","102700216"
"3035","102700215"
"3034","102700201"
"3033","102700116"
"3032","102700115"
"3031","102700114"
"3030","102700113"
"3029","102700112"
"3028","102700111"
"3027","102700110"
"3026","102700109"
"3025","102700108"
"3024","102700107"
"3023","102700106"
"3022","102700105"
"3021","102700103"
"3020","102610003"
"3019","102610002"
"3015","102601210"
"3014","102601209"
"3013","102601208"
"3012","102601206"
"3011","102601203"
"3010","102601202"
"3009","102601201"
"3008","102601143"
"3007","102601142"
"3006","102601141"
"3005","102601140"
"3004","102601139"
"3003","102601138"
"3002","102601137"
"3001","102601136"
"3000","102601135"
"2999","102601134"
"2998","102601131"
"2997","102601130"
"2996","102601129"
"2995","102601128"
"2994","102601126"
"2993","102601122"
"2992","102601120"
"2991","102601119"
"2990","102601118"
"2989","102601117"
"2988","102601116"
"2987","102601115"
"2986","102601111"
"2985","102601110"
"2984","102601109"
"2983","102601107"
"2982","102601106"
"2981","102601105"
"2980","102601104"
"2979","102601103"
"2978","102601102"
"2977","102601101"
"2976","102601002"
"2975","102601001"
"2969","102600963"
"2963","102600957"
"2957","102600951"
"2951","102600945"
"2945","102600939"
"2939","102600933"
"2933","102600927"
"2927","102600921"
"2921","102600915"
"2915","102600909"
"2914","102600908"
"2913","102600907"
"2912","102600906"
"2911","102600905"
"2910","102600904"
"2909","102600903"
"2908","102600902"
"2907","102600901"
"2906","102600803"
"2905","102600802"
"2904","102600801"
"2903","102600731"
"2902","102600730"
"2901","102600729"
"2900","102600728"
"2899","102600727"
"2898","102600726"
"2897","102600725"
"2896","102600724"
"2895","102600723"
"2894","102600722"
"2893","102600721"
"2892","102600719"
"2891","102600718"
"2890","102600715"
"2889","102600714"
"2888","102600713"
"2887","102600712"
"2886","102600711"
"2885","102600710"
"2884","102600709"
"2883","102600708"
"2882","102600707"
"2881","102600706"
"2880","102600705"
"2879","102600704"
"2878","102600703"
"2877","102600702"
"2876","102600701"
"2875","102600609"
"2874","102600608"
"2873","102600607"
"2872","102600605"
"2871","102600604"
"2870","102600603"
"2869","102600602"
"2868","102600601"
"2867","102600503"
"2866","102600502"
"2865","102600313"
"2864","102600312"
"2863","102600311"
"2862","102600310"
"2860","102600308"
"2859","102600307"
"2858","102600306"
"2857","102600305"
"2856","102600304"
"2855","102600303"
"2854","102600302"
"2853","102600301"
"2852","102600201"
"2847","102600116"
"2846","102600115"
"2845","102600114"
"2844","102600109"
"2843","102600101"
"2841","102510019"
"2840","102500616"
"2839","102500615"
"2838","102500614"
"2836","102500612"
"2835","102500611"
"2833","102500609"
"2832","102500608"
"2831","102500607"
"2829","102500605"
"2828","102500604"
"2827","102500603"
"2826","102500602"
"2825","102500601"
"2824","102500514"
"2823","102500513"
"2822","102500512"
"2821","102500511"
"2820","102500510"
"2819","102500509"
"2818","102500508"
"2817","102500507"
"2816","102500506"
"2815","102500505"
"2814","102500503"
"2813","102500502"
"2812","102500501"
"2811","102500403"
"2810","102500402"
"2809","102500401"
"2808","102500399"
"2807","102500398"
"2806","102500397"
"2804","102500395"
"2803","102500394"
"2802","102500393"
"2801","102500392"
"2800","102500391"
"2799","102500390"
"2798","102500389"
"2797","102500388"
"2796","102500387"
"2795","102500386"
"2794","102500385"
"2793","102500384"
"2792","102500383"
"2791","102500382"
"2790","102500381"
"2789","102500380"
"2788","102500379"
"2787","102500378"
"2786","102500377"
"2785","102500376"
"2784","102500375"
"2783","102500374"
"2782","102500373"
"2780","102500371"
"2778","102500369"
"2777","102500368"
"2776","102500367"
"2775","102500366"
"2774","102500364"
"2773","102500363"
"2772","102500362"
"2771","102500361"
"2770","102500360"
"2769","102500359"
"2768","102500358"
"2767","102500357"
"2766","102500356"
"2765","102500355"
"2764","102500354"
"2763","102500345"
"2762","102500344"
"2759","102500341"
"2758","102500340"
"2757","102500338"
"2756","102500337"
"2755","102500333"
"2754","102500332"
"2753","102500330"
"2752","102500328"
"2751","102500325"
"2750","102500320"
"2749","102500319"
"2748","102500315"
"2747","102500314"
"2746","102500313"
"2745","102500312"
"2744","102500311"
"2743","102500309"
"2742","102500308"
"2741","102500307"
"2740","102500306"
"2739","102500305"
"2738","102500304"
"2737","102500302"
"2736","102500301"
"2730","102500264"
"2729","102500263"
"2728","102500261"
"2727","102500260"
"2726","102500259"
"2725","102500258"
"2724","102500257"
"2723","102500256"
"2722","102500255"
"2721","102500254"
"2720","102500253"
"2719","102500252"
"2718","102500251"
"2717","102500250"
"2716","102500249"
"2715","102500248"
"2714","102500247"
"2713","102500246"
"2712","102500245"
"2711","102500244"
"2710","102500243"
"2709","102500241"
"2707","102500239"
"2706","102500238"
"2705","102500237"
"2704","102500236"
"2703","102500232"
"2702","102500230"
"2701","102500229"
"2700","102500227"
"2699","102500223"
"2698","102500222"
"2697","102500221"
"2696","102500220"
"2695","102500219"
"2694","102500218"
"2693","102500215"
"2692","102500214"
"2691","102500213"
"2690","102500212"
"2689","102500211"
"2688","102500209"
"2687","102500208"
"2686","102500202"
"2682","102500153"
"2681","102500152"
"2680","102500151"
"2679","102500150"
"2678","102500149"
"2677","102500148"
"2676","102500147"
"2675","102500146"
"2674","102500145"
"2673","102500144"
"2672","102500143"
"2671","102500142"
"2670","102500141"
"2669","102500140"
"2668","102500139"
"2667","102500138"
"2666","102500137"
"2665","102500136"
"2664","102500130"
"2663","102500129"
"2662","102500127"
"2661","102500125"
"2660","102500120"
"2659","102500118"
"2658","102500101"
"2657","102400705"
"2656","102400704"
"2655","102400703"
"2654","102400702"
"2653","102400701"
"2652","102400605"
"2651","102400604"
"2650","102400603"
"2649","102400602"
"2648","102400601"
"2647","102400524"
"2646","102400523"
"2645","102400522"
"2644","102400521"
"2643","102400520"
"2642","102400519"
"2641","102400518"
"2639","102400516"
"2638","102400515"
"2637","102400514"
"2636","102400513"
"2635","102400512"
"2634","102400511"
"2633","102400510"
"2632","102400509"
"2631","102400508"
"2630","102400507"
"2629","102400506"
"2628","102400505"
"2627","102400504"
"2626","102400503"
"2625","102400502"
"2624","102400413"
"2623","102400412"
"2622","102400411"
"2621","102400410"
"2620","102400409"
"2619","102400408"
"2618","102400407"
"2616","102400405"
"2615","102400404"
"2614","102400403"
"2613","102400402"
"2612","102400401"
"2609","102400353"
"2608","102400352"
"2607","102400351"
"2606","102400350"
"2605","102400349"
"2604","102400348"
"2603","102400347"
"2602","102400346"
"2601","102400345"
"2600","102400344"
"2599","102400343"
"2598","102400342"
"2597","102400341"
"2596","102400340"
"2595","102400339"
"2594","102400338"
"2593","102400337"
"2592","102400336"
"2591","102400335"
"2590","102400334"
"2589","102400333"
"2588","102400332"
"2587","102400331"
"2586","102400330"
"2585","102400329"
"2584","102400328"
"2583","102400327"
"2582","102400326"
"2581","102400325"
"2580","102400324"
"2579","102400323"
"2578","102400322"
"2575","102400318"
"2574","102400317"
"2573","102400316"
"2572","102400315"
"2571","102400314"
"2570","102400313"
"2569","102400312"
"2568","102400311"
"2567","102400310"
"2566","102400309"
"2565","102400308"
"2564","102400307"
"2563","102400306"
"2562","102400305"
"2561","102400304"
"2560","102400303"
"2559","102400302"
"2558","102400301"
"2557","102400215"
"2556","102400214"
"2555","102400213"
"2554","102400212"
"2553","102400211"
"2552","102400210"
"2551","102400209"
"2550","102400208"
"2549","102400207"
"2548","102400206"
"2547","102400205"
"2546","102400204"
"2545","102400203"
"2544","102400202"
"2543","102400201"
"2541","102300444"
"2533","102300436"
"2530","102300433"
"2526","102300429"
"2525","102300428"
"2524","102300427"
"2523","102300426"
"2522","102300425"
"2521","102300424"
"2520","102300423"
"2519","102300422"
"2518","102300421"
"2517","102300420"
"2516","102300419"
"2515","102300418"
"2514","102300417"
"2513","102300416"
"2512","102300414"
"2511","102300413"
"2510","102300412"
"2509","102300411"
"2508","102300410"
"2507","102300409"
"2506","102300408"
"2505","102300407"
"2504","102300406"
"2503","102300403"
"2502","102300401"
"2501","102300356"
"2500","102300355"
"2499","102300354"
"2498","102300353"
"2497","102300352"
"2495","102300350"
"2494","102300349"
"2490","102300345"
"2489","102300344"
"2488","102300343"
"2487","102300342"
"2486","102300341"
"2485","102300340"
"2484","102300339"
"2481","102300336"
"2480","102300335"
"2479","102300334"
"2478","102300333"
"2477","102300332"
"2476","102300331"
"2475","102300330"
"2474","102300329"
"2473","102300326"
"2472","102300325"
"2471","102300324"
"2470","102300323"
"2469","102300322"
"2468","102300321"
"2467","102300319"
"2466","102300317"
"2465","102300305"
"2464","102300303"
"2463","102300203"
"2461","102300201"
"2459","102300140"
"2457","102300138"
"2456","102300137"
"2455","102300136"
"2454","102300135"
"2453","102300134"
"2452","102300133"
"2451","102300132"
"2450","102300131"
"2449","102300130"
"2448","102300128"
"2447","102300127"
"2446","102300124"
"2445","102300122"
"2444","102300121"
"2443","102300120"
"2442","102300119"
"2441","102300118"
"2439","102300116"
"2438","102300114"
"2437","102300108"
"2436","102300107"
"2435","102300106"
"2434","102300105"
"2433","102300104"
"2432","102300103"
"2431","102300102"
"2430","102300101"
"2423","102201303"
"2422","102201302"
"2421","102201301"
"2420","102201299"
"2409","102201288"
"2408","102201287"
"2407","102201286"
"2406","102201285"
"2405","102201284"
"2404","102201283"
"2403","102201282"
"2402","102201281"
"2401","102201280"
"2400","102201279"
"2399","102201278"
"2398","102201277"
"2397","102201276"
"2396","102201275"
"2395","102201274"
"2393","102201272"
"2392","102201271"
"2391","102201270"
"2390","102201269"
"2389","102201268"
"2388","102201267"
"2387","102201266"
"2386","102201265"
"2385","102201264"
"2384","102201263"
"2383","102201262"
"2382","102201261"
"2381","102201260"
"2380","102201259"
"2379","102201258"
"2378","102201256"
"2377","102201255"
"2376","102201254"
"2375","102201253"
"2374","102201252"
"2373","102201251"
"2372","102201250"
"2371","102201249"
"2370","102201248"
"2369","102201247"
"2368","102201246"
"2367","102201245"
"2365","102201243"
"2364","102201242"
"2363","102201241"
"2362","102201240"
"2359","102201237"
"2357","102201234"
"2356","102201233"
"2355","102201232"
"2354","102201231"
"2353","102201230"
"2352","102201229"
"2351","102201228"
"2350","102201227"
"2349","102201226"
"2348","102201225"
"2347","102201224"
"2346","102201223"
"2345","102201222"
"2344","102201221"
"2342","102201219"
"2341","102201218"
"2340","102201217"
"2339","102201216"
"2338","102201215"
"2337","102201214"
"2336","102201213"
"2335","102201212"
"2334","102201211"
"2333","102201210"
"2332","102201209"
"2331","102201208"
"2330","102201207"
"2329","102201206"
"2328","102201205"
"2326","102201203"
"2325","102201202"
"2324","102201201"
"2315","102201153"
"2311","102201149"
"2310","102201148"
"2309","102201147"
"2308","102201146"
"2307","102201145"
"2306","102201144"
"2305","102201143"
"2304","102201142"
"2303","102201141"
"2302","102201140"
"2301","102201139"
"2300","102201138"
"2299","102201137"
"2298","102201136"
"2297","102201135"
"2296","102201134"
"2295","102201133"
"2294","102201132"
"2293","102201131"
"2292","102201130"
"2291","102201129"
"2290","102201128"
"2289","102201127"
"2288","102201126"
"2287","102201125"
"2286","102201124"
"2285","102201123"
"2284","102201122"
"2283","102201121"
"2282","102201120"
"2281","102201119"
"2280","102201118"
"2279","102201117"
"2278","102201116"
"2277","102201115"
"2276","102201114"
"2275","102201113"
"2274","102201112"
"2273","102201111"
"2272","102201110"
"2271","102201109"
"2270","102201108"
"2269","102201107"
"2268","102201106"
"2267","102201105"
"2266","102201104"
"2262","102201013"
"2261","102201012"
"2260","102201011"
"2259","102201010"
"2258","102201009"
"2257","102201008"
"2256","102201007"
"2255","102201006"
"2254","102201005"
"2253","102201004"
"2252","102201002"
"2251","102201001"
"2248","102200914"
"2247","102200913"
"2246","102200912"
"2245","102200911"
"2243","102200909"
"2242","102200908"
"2241","102200907"
"2240","102200905"
"2239","102200903"
"2238","102200902"
"2235","102200858"
"2234","102200857"
"2233","102200856"
"2232","102200855"
"2231","102200854"
"2230","102200853"
"2229","102200852"
"2228","102200851"
"2227","102200850"
"2226","102200849"
"2225","102200848"
"2224","102200847"
"2223","102200846"
"2222","102200845"
"2221","102200844"
"2220","102200843"
"2219","102200842"
"2218","102200841"
"2217","102200839"
"2216","102200838"
"2215","102200837"
"2214","102200836"
"2213","102200835"
"2212","102200834"
"2211","102200833"
"2210","102200832"
"2209","102200831"
"2208","102200830"
"2207","102200829"
"2206","102200828"
"2205","102200827"
"2204","102200826"
"2202","102200823"
"2201","102200822"
"2200","102200821"
"2199","102200820"
"2198","102200819"
"2197","102200818"
"2196","102200815"
"2195","102200814"
"2194","102200813"
"2193","102200812"
"2192","102200811"
"2191","102200809"
"2190","102200808"
"2189","102200807"
"2188","102200806"
"2187","102200805"
"2186","102200804"
"2185","102200803"
"2184","102200802"
"2183","102200801"
"2182","102200799"
"2181","102200798"
"2180","102200797"
"2179","102200796"
"2178","102200795"
"2177","102200794"
"2176","102200793"
"2175","102200792"
"2174","102200791"
"2173","102200790"
"2172","102200789"
"2171","102200788"
"2170","102200787"
"2169","102200786"
"2168","102200785"
"2167","102200784"
"2166","102200783"
"2165","102200782"
"2164","102200781"
"2162","102200779"
"2161","102200778"
"2160","102200777"
"2159","102200776"
"2158","102200775"
"2157","102200774"
"2156","102200773"
"2155","102200772"
"2154","102200771"
"2153","102200770"
"2152","102200769"
"2151","102200768"
"2150","102200767"
"2149","102200766"
"2148","102200765"
"2147","102200764"
"2146","102200763"
"2145","102200762"
"2144","102200761"
"2143","102200760"
"2142","102200758"
"2140","102200755"
"2139","102200754"
"2138","102200753"
"2137","102200748"
"2136","102200747"
"2135","102200746"
"2134","102200745"
"2133","102200740"
"2132","102200739"
"2131","102200738"
"2130","102200737"
"2129","102200736"
"2127","102200734"
"2126","102200732"
"2125","102200731"
"2124","102200727"
"2123","102200723"
"2122","102200722"
"2121","102200715"
"2120","102200714"
"2119","102200713"
"2118","102200711"
"2117","102200710"
"2113","102200705"
"2112","102200704"
"2111","102200702"
"2110","102200701"
"2109","102200625"
"2108","102200624"
"2107","102200623"
"2106","102200622"
"2105","102200621"
"2104","102200620"
"2103","102200619"
"2102","102200618"
"2101","102200617"
"2100","102200616"
"2099","102200614"
"2098","102200613"
"2096","102200611"
"2095","102200610"
"2094","102200609"
"2093","102200605"
"2092","102200602"
"2091","102200601"
"2089","102200598"
"2088","102200597"
"2087","102200595"
"2086","102200594"
"2085","102200593"
"2084","102200592"
"2083","102200591"
"2082","102200590"
"2081","102200589"
"2080","102200588"
"2079","102200587"
"2078","102200586"
"2077","102200585"
"2076","102200584"
"2075","102200583"
"2074","102200582"
"2073","102200581"
"2072","102200580"
"2071","102200579"
"2070","102200578"
"2069","102200577"
"2068","102200576"
"2067","102200575"
"2066","102200574"
"2065","102200573"
"2064","102200572"
"2063","102200570"
"2062","102200569"
"2061","102200568"
"2060","102200567"
"2059","102200562"
"2058","102200560"
"2057","102200554"
"2056","102200553"
"2055","102200552"
"2054","102200551"
"2053","102200549"
"2052","102200548"
"2051","102200547"
"2050","102200543"
"2049","102200542"
"2048","102200541"
"2046","102200538"
"2045","102200537"
"2044","102200536"
"2043","102200535"
"2042","102200534"
"2041","102200532"
"2040","102200531"
"2039","102200530"
"2038","102200529"
"2037","102200527"
"2036","102200525"
"2035","102200524"
"2034","102200522"
"2033","102200519"
"2032","102200518"
"2031","102200517"
"2030","102200514"
"2029","102200513"
"2028","102200512"
"2027","102200511"
"2026","102200510"
"2025","102200509"
"2024","102200507"
"2023","102200506"
"2022","102200505"
"2021","102200504"
"2020","102200503"
"2019","102200502"
"2018","102200501"
"2016","102200369"
"2015","102200368"
"2014","102200367"
"2013","102200366"
"2012","102200365"
"2011","102200364"
"2010","102200363"
"2009","102200362"
"2008","102200361"
"2007","102200360"
"2006","102200359"
"2005","102200358"
"2004","102200357"
"2003","102200356"
"2002","102200355"
"2001","102200354"
"2000","102200353"
"1999","102200352"
"1998","102200351"
"1997","102200350"
"1996","102200349"
"1995","102200348"
"1994","102200347"
"1993","102200346"
"1992","102200345"
"1991","102200344"
"1990","102200343"
"1989","102200342"
"1988","102200341"
"1987","102200340"
"1986","102200339"
"1985","102200338"
"1984","102200337"
"1983","102200335"
"1982","102200334"
"1981","102200330"
"1980","102200329"
"1979","102200328"
"1978","102200326"
"1977","102200323"
"1976","102200322"
"1975","102200318"
"1974","102200317"
"1973","102200315"
"1972","102200313"
"1971","102200312"
"1970","102200311"
"1969","102200310"
"1968","102200309"
"1967","102200308"
"1966","102200307"
"1965","102200306"
"1962","102200303"
"1961","102200302"
"1960","102200301"
"1959","102200298"
"1958","102200297"
"1954","102200293"
"1952","102200291"
"1951","102200290"
"1948","102200287"
"1947","102200286"
"1945","102200284"
"1944","102200283"
"1943","102200282"
"1942","102200281"
"1941","102200280"
"1940","102200279"
"1939","102200278"
"1938","102200277"
"1937","102200276"
"1936","102200275"
"1935","102200274"
"1934","102200273"
"1933","102200272"
"1932","102200271"
"1931","102200270"
"1930","102200269"
"1929","102200268"
"1928","102200267"
"1927","102200266"
"1926","102200265"
"1925","102200264"
"1924","102200263"
"1923","102200262"
"1922","102200261"
"1921","102200260"
"1920","102200259"
"1919","102200258"
"1918","102200257"
"1917","102200256"
"1916","102200253"
"1915","102200252"
"1914","102200251"
"1913","102200250"
"1912","102200249"
"1911","102200248"
"1910","102200247"
"1909","102200246"
"1908","102200245"
"1907","102200244"
"1906","102200243"
"1905","102200242"
"1904","102200241"
"1903","102200240"
"1902","102200239"
"1901","102200238"
"1900","102200237"
"1897","102200234"
"1894","102200231"
"1893","102200230"
"1892","102200229"
"1891","102200228"
"1890","102200227"
"1889","102200226"
"1888","102200225"
"1887","102200224"
"1886","102200223"
"1885","102200221"
"1884","102200220"
"1883","102200219"
"1882","102200218"
"1881","102200217"
"1880","102200212"
"1879","102200209"
"1877","102200207"
"1876","102200206"
"1875","102200205"
"1871","102200201"
"1870","102200185"
"1869","102200184"
"1868","102200183"
"1867","102200182"
"1864","102200179"
"1863","102200178"
"1862","102200177"
"1861","102200176"
"1860","102200175"
"1859","102200174"
"1858","102200173"
"1857","102200172"
"1856","102200171"
"1855","102200170"
"1854","102200169"
"1853","102200168"
"1852","102200167"
"1851","102200166"
"1850","102200165"
"1849","102200164"
"1848","102200163"
"1847","102200162"
"1846","102200161"
"1845","102200160"
"1844","102200159"
"1843","102200158"
"1842","102200157"
"1841","102200156"
"1840","102200155"
"1839","102200154"
"1838","102200153"
"1837","102200152"
"1836","102200151"
"1835","102200150"
"1834","102200149"
"1833","102200148"
"1832","102200147"
"1829","102200144"
"1828","102200143"
"1827","102200140"
"1826","102200139"
"1825","102200138"
"1824","102200137"
"1823","102200136"
"1822","102200135"
"1821","102200134"
"1820","102200133"
"1819","102200132"
"1818","102200131"
"1817","102200130"
"1816","102200129"
"1815","102200128"
"1810","102200123"
"1809","102200121"
"1808","102200120"
"1807","102200118"
"1806","102200117"
"1805","102200116"
"1804","102200115"
"1803","102200114"
"1802","102200113"
"1801","102200112"
"1800","102200111"
"1799","102200110"
"1798","102200109"
"1797","102200108"
"1796","102200107"
"1795","102200106"
"1794","102200105"
"1793","102200104"
"1792","102200103"
"1791","102200102"
"1790","102200101"
"1788","102100302"
"1787","102100301"
"1786","102100266"
"1785","102100265"
"1784","102100264"
"1783","102100263"
"1782","102100262"
"1781","102100261"
"1780","102100260"
"1779","102100259"
"1778","102100258"
"1776","102100256"
"1775","102100255"
"1774","102100254"
"1773","102100253"
"1772","102100252"
"1771","102100251"
"1770","102100250"
"1769","102100249"
"1768","102100248"
"1767","102100247"
"1766","102100246"
"1765","102100245"
"1764","102100244"
"1763","102100243"
"1762","102100242"
"1761","102100241"
"1760","102100240"
"1759","102100239"
"1758","102100238"
"1757","102100237"
"1756","102100236"
"1755","102100235"
"1754","102100234"
"1753","102100233"
"1752","102100232"
"1751","102100231"
"1749","102100229"
"1748","102100228"
"1747","102100227"
"1746","102100226"
"1745","102100225"
"1744","102100224"
"1743","102100223"
"1742","102100222"
"1741","102100221"
"1740","102100220"
"1739","102100219"
"1738","102100218"
"1737","102100216"
"1736","102100215"
"1735","102100214"
"1734","102100212"
"1733","102100210"
"1732","102100209"
"1731","102100208"
"1730","102100207"
"1729","102100206"
"1728","102100205"
"1723","102100139"
"1722","102100138"
"1721","102100137"
"1720","102100136"
"1719","102100135"
"1718","102100134"
"1717","102100133"
"1716","102100132"
"1715","102100131"
"1714","102100130"
"1713","102100129"
"1712","102100128"
"1711","102100127"
"1710","102100126"
"1709","102100125"
"1708","102100124"
"1707","102100123"
"1706","102100122"
"1705","102100121"
"1704","102100120"
"1703","102100118"
"1702","102100114"
"1701","102100113"
"1700","102100112"
"1699","102100111"
"1698","102100110"
"1697","102100108"
"1696","102100105"
"1695","102100103"
"1694","102100102"
"1693","102100101"
"1692","102010007"
"1691","102010006"
"1690","102010005"
"1689","102010001"
"1688","102000515"
"1687","102000514"
"1686","102000513"
"1685","102000512"
"1684","102000511"
"1683","102000510"
"1682","102000506"
"1681","102000505"
"1680","102000504"
"1679","102000503"
"1678","102000502"
"1677","102000501"
"1676","102000408"
"1675","102000407"
"1674","102000406"
"1673","102000405"
"1672","102000404"
"1671","102000403"
"1670","102000402"
"1669","102000315"
"1668","102000314"
"1667","102000313"
"1666","102000312"
"1665","102000310"
"1664","102000309"
"1663","102000307"
"1662","102000306"
"1661","102000305"
"1660","102000304"
"1655","102000206"
"1654","102000205"
"1653","102000204"
"1651","102000202"
"1650","102000146"
"1649","102000145"
"1648","102000144"
"1647","102000143"
"1646","102000142"
"1645","102000141"
"1644","102000140"
"1643","102000139"
"1642","102000138"
"1641","102000137"
"1640","102000136"
"1639","102000135"
"1638","102000134"
"1637","102000133"
"1636","102000132"
"1635","102000131"
"1634","102000130"
"1633","102000129"
"1632","102000128"
"1631","102000127"
"1630","102000126"
"1629","102000125"
"1628","102000124"
"1627","102000123"
"1626","102000122"
"1625","102000121"
"1624","102000120"
"1623","102000119"
"1622","102000118"
"1621","102000117"
"1620","102000116"
"1619","102000115"
"1618","102000114"
"1617","102000112"
"1616","102000109"
"1614","102000107"
"1613","102000106"
"1612","102000105"
"1611","102000104"
"1610","102000102"
"1609","102000101"
"1606","101900801"
"1605","101900606"
"1604","101900605"
"1603","101900604"
"1602","101900603"
"1601","101900601"
"1600","101900402"
"1599","101900401"
"1598","101900302"
"1597","101900301"
"1589","101900107"
"1587","101900105"
"1586","101900104"
"1585","101900103"
"1584","101900102"
"1583","101900101"
"1582","101800603"
"1581","101800505"
"1580","101800504"
"1579","101800503"
"1578","101800502"
"1577","101800409"
"1576","101800408"
"1575","101800407"
"1574","101800406"
"1573","101800405"
"1572","101800305"
"1571","101800304"
"1570","101800303"
"1569","101800302"
"1568","101800301"
"1567","101800208"
"1566","101800207"
"1565","101800206"
"1564","101800205"
"1563","101800204"
"1562","101800203"
"1561","101800202"
"1560","101800201"
"1559","101800102"
"1558","101800101"
"1557","101701102"
"1556","101701101"
"1553","101701052"
"1552","101701051"
"1551","101701050"
"1550","101701049"
"1549","101701048"
"1548","101701047"
"1547","101701046"
"1546","101701045"
"1545","101701044"
"1544","101701043"
"1543","101701042"
"1542","101701041"
"1541","101701040"
"1540","101701039"
"1539","101701038"
"1538","101701037"
"1537","101701036"
"1536","101701035"
"1535","101701034"
"1534","101701033"
"1533","101701032"
"1532","101701031"
"1531","101701030"
"1530","101701029"
"1529","101701028"
"1528","101701027"
"1527","101701026"
"1526","101701025"
"1525","101701024"
"1524","101701023"
"1523","101701022"
"1522","101701021"
"1521","101701020"
"1520","101701019"
"1519","101701018"
"1518","101701017"
"1517","101701016"
"1516","101701015"
"1515","101701014"
"1514","101701013"
"1513","101701012"
"1512","101701011"
"1511","101701010"
"1510","101701009"
"1509","101701008"
"1508","101701007"
"1507","101701006"
"1506","101701005"
"1505","101701004"
"1504","101701003"
"1503","101701002"
"1502","101701001"
"1500","101700934"
"1499","101700933"
"1498","101700932"
"1497","101700931"
"1496","101700930"
"1495","101700929"
"1494","101700928"
"1493","101700927"
"1492","101700926"
"1491","101700925"
"1489","101700923"
"1488","101700922"
"1487","101700921"
"1486","101700920"
"1485","101700919"
"1484","101700918"
"1483","101700917"
"1482","101700916"
"1481","101700915"
"1480","101700914"
"1479","101700913"
"1478","101700912"
"1477","101700911"
"1476","101700910"
"1475","101700909"
"1474","101700908"
"1473","101700907"
"1472","101700906"
"1471","101700905"
"1470","101700904"
"1469","101700903"
"1467","101700901"
"1466","101700899"
"1465","101700898"
"1464","101700897"
"1463","101700896"
"1462","101700894"
"1461","101700892"
"1460","101700891"
"1459","101700890"
"1458","101700889"
"1457","101700888"
"1456","101700887"
"1454","101700885"
"1453","101700884"
"1452","101700883"
"1451","101700882"
"1450","101700881"
"1449","101700880"
"1448","101700879"
"1446","101700877"
"1445","101700876"
"1442","101700873"
"1441","101700872"
"1440","101700871"
"1439","101700870"
"1438","101700869"
"1437","101700868"
"1436","101700867"
"1435","101700866"
"1434","101700865"
"1433","101700864"
"1432","101700863"
"1431","101700862"
"1429","101700860"
"1428","101700859"
"1427","101700858"
"1426","101700857"
"1421","101700851"
"1420","101700850"
"1419","101700849"
"1418","101700848"
"1413","101700843"
"1412","101700842"
"1411","101700841"
"1410","101700840"
"1409","101700839"
"1408","101700838"
"1407","101700837"
"1406","101700836"
"1405","101700835"
"1404","101700833"
"1403","101700831"
"1402","101700830"
"1401","101700829"
"1400","101700828"
"1399","101700827"
"1398","101700825"
"1397","101700824"
"1396","101700823"
"1395","101700822"
"1394","101700821"
"1393","101700820"
"1392","101700818"
"1391","101700817"
"1390","101700816"
"1389","101700815"
"1388","101700814"
"1387","101700812"
"1386","101700811"
"1385","101700810"
"1384","101700807"
"1383","101700806"
"1382","101700805"
"1381","101700804"
"1380","101700803"
"1379","101700802"
"1378","101700801"
"1373","101700795"
"1372","101700794"
"1371","101700793"
"1370","101700792"
"1369","101700791"
"1368","101700790"
"1367","101700789"
"1366","101700788"
"1365","101700787"
"1364","101700786"
"1363","101700785"
"1362","101700784"
"1361","101700783"
"1360","101700782"
"1359","101700781"
"1358","101700780"
"1357","101700779"
"1356","101700778"
"1355","101700777"
"1354","101700776"
"1353","101700775"
"1352","101700774"
"1351","101700773"
"1350","101700771"
"1349","101700769"
"1348","101700768"
"1347","101700767"
"1346","101700766"
"1345","101700765"
"1344","101700764"
"1338","101700758"
"1337","101700757"
"1336","101700756"
"1335","101700755"
"1334","101700754"
"1329","101700749"
"1328","101700748"
"1324","101700744"
"1323","101700743"
"1322","101700742"
"1321","101700741"
"1320","101700740"
"1319","101700739"
"1318","101700738"
"1317","101700737"
"1316","101700736"
"1315","101700735"
"1314","101700732"
"1313","101700724"
"1312","101700723"
"1311","101700721"
"1310","101700720"
"1309","101700719"
"1308","101700718"
"1307","101700717"
"1306","101700716"
"1305","101700715"
"1304","101700714"
"1303","101700713"
"1302","101700712"
"1301","101700711"
"1300","101700710"
"1299","101700709"
"1298","101700707"
"1297","101700706"
"1296","101700705"
"1295","101700704"
"1294","101700703"
"1291","101700611"
"1290","101700610"
"1289","101700609"
"1288","101700608"
"1287","101700607"
"1286","101700606"
"1285","101700605"
"1284","101700604"
"1283","101700603"
"1276","101700490"
"1275","101700489"
"1273","101700487"
"1269","101700483"
"1267","101700481"
"1266","101700480"
"1265","101700479"
"1264","101700478"
"1263","101700477"
"1262","101700476"
"1261","101700475"
"1260","101700474"
"1259","101700473"
"1258","101700472"
"1257","101700471"
"1256","101700470"
"1255","101700469"
"1254","101700468"
"1253","101700467"
"1252","101700466"
"1251","101700465"
"1250","101700464"
"1249","101700463"
"1248","101700462"
"1247","101700461"
"1246","101700460"
"1245","101700459"
"1244","101700458"
"1243","101700457"
"1242","101700456"
"1241","101700455"
"1240","101700454"
"1239","101700453"
"1238","101700452"
"1237","101700451"
"1235","101700449"
"1234","101700448"
"1233","101700447"
"1232","101700445"
"1231","101700444"
"1230","101700443"
"1228","101700441"
"1227","101700440"
"1226","101700439"
"1225","101700438"
"1224","101700437"
"1222","101700435"
"1213","101700426"
"1212","101700425"
"1211","101700424"
"1210","101700423"
"1209","101700422"
"1208","101700421"
"1207","101700420"
"1206","101700419"
"1205","101700416"
"1204","101700415"
"1203","101700414"
"1201","101700409"
"1200","101700406"
"1199","101700405"
"1198","101700404"
"1197","101700402"
"1196","101700399"
"1195","101700398"
"1194","101700396"
"1193","101700394"
"1192","101700393"
"1191","101700392"
"1190","101700391"
"1189","101700390"
"1188","101700389"
"1187","101700388"
"1186","101700387"
"1185","101700386"
"1184","101700385"
"1183","101700384"
"1182","101700383"
"1181","101700380"
"1180","101700379"
"1179","101700378"
"1178","101700377"
"1177","101700376"
"1176","101700375"
"1175","101700374"
"1174","101700373"
"1173","101700372"
"1172","101700370"
"1171","101700369"
"1170","101700368"
"1169","101700365"
"1168","101700364"
"1167","101700363"
"1166","101700362"
"1165","101700360"
"1164","101700359"
"1163","101700358"
"1162","101700357"
"1161","101700356"
"1160","101700355"
"1159","101700354"
"1158","101700353"
"1157","101700352"
"1156","101700351"
"1155","101700350"
"1154","101700349"
"1153","101700348"
"1152","101700347"
"1151","101700346"
"1150","101700345"
"1149","101700344"
"1148","101700343"
"1147","101700342"
"1146","101700341"
"1145","101700340"
"1144","101700339"
"1143","101700338"
"1142","101700337"
"1141","101700336"
"1140","101700335"
"1139","101700334"
"1138","101700333"
"1137","101700332"
"1136","101700331"
"1135","101700330"
"1134","101700329"
"1133","101700328"
"1132","101700327"
"1131","101700325"
"1130","101700324"
"1129","101700321"
"1128","101700320"
"1127","101700319"
"1126","101700318"
"1125","101700317"
"1124","101700316"
"1123","101700313"
"1122","101700312"
"1121","101700311"
"1120","101700310"
"1119","101700309"
"1118","101700308"
"1117","101700307"
"1116","101700306"
"1115","101700305"
"1113","101700303"
"1112","101700302"
"1111","101700301"
"1110","101700299"
"1109","101700298"
"1108","101700297"
"1107","101700296"
"1106","101700295"
"1105","101700294"
"1104","101700293"
"1103","101700292"
"1102","101700291"
"1101","101700290"
"1100","101700289"
"1099","101700288"
"1098","101700285"
"1097","101700283"
"1096","101700282"
"1095","101700281"
"1094","101700280"
"1093","101700279"
"1092","101700278"
"1091","101700273"
"1090","101700272"
"1089","101700271"
"1088","101700270"
"1087","101700269"
"1086","101700268"
"1085","101700267"
"1084","101700266"
"1083","101700265"
"1082","101700264"
"1081","101700263"
"1080","101700262"
"1079","101700261"
"1078","101700260"
"1077","101700259"
"1076","101700258"
"1075","101700257"
"1074","101700256"
"1073","101700255"
"1072","101700254"
"1071","101700253"
"1070","101700252"
"1069","101700251"
"1068","101700250"
"1067","101700249"
"1066","101700248"
"1065","101700247"
"1064","101700246"
"1063","101700244"
"1062","101700243"
"1061","101700242"
"1060","101700241"
"1059","101700240"
"1058","101700239"
"1057","101700238"
"1056","101700237"
"1055","101700236"
"1054","101700235"
"1053","101700234"
"1052","101700233"
"1051","101700232"
"1049","101700229"
"1048","101700228"
"1047","101700225"
"1046","101700224"
"1045","101700222"
"1044","101700221"
"1043","101700220"
"1042","101700219"
"1041","101700218"
"1040","101700217"
"1039","101700216"
"1038","101700211"
"1037","101700210"
"1036","101700209"
"1035","101700208"
"1034","101700207"
"1033","101700206"
"1032","101700205"
"1031","101700203"
"1030","101700202"
"1029","101700201"
"1026","101700190"
"1025","101700189"
"1024","101700188"
"1023","101700187"
"1022","101700186"
"1021","101700185"
"1020","101700184"
"1019","101700183"
"1018","101700182"
"1017","101700181"
"1016","101700180"
"1015","101700179"
"1014","101700178"
"1013","101700177"
"1012","101700176"
"1011","101700175"
"1010","101700174"
"1009","101700173"
"1008","101700171"
"1007","101700170"
"1006","101700169"
"1005","101700166"
"1004","101700165"
"1003","101700164"
"1002","101700163"
"1001","101700162"
"999","101700160"
"998","101700159"
"997","101700158"
"996","101700157"
"995","101700156"
"994","101700155"
"993","101700154"
"992","101700153"
"991","101700152"
"990","101700151"
"989","101700150"
"988","101700149"
"987","101700148"
"986","101700147"
"985","101700144"
"984","101700143"
"983","101700142"
"982","101700141"
"981","101700140"
"980","101700139"
"979","101700138"
"978","101700137"
"977","101700136"
"976","101700135"
"975","101700134"
"974","101700133"
"973","101700132"
"972","101700131"
"971","101700130"
"970","101700129"
"969","101700128"
"968","101700127"
"967","101700126"
"966","101700125"
"965","101700121"
"964","101700120"
"963","101700119"
"962","101700118"
"961","101700117"
"960","101700116"
"959","101700115"
"958","101700114"
"957","101700107"
"956","101700106"
"955","101700105"
"954","101700104"
"953","101700103"
"952","101700102"
"951","101700101"
"950","101600695"
"949","101600694"
"948","101600693"
"947","101600692"
"946","101600691"
"945","101600690"
"943","101600688"
"941","101600686"
"940","101600685"
"939","101600684"
"938","101600683"
"937","101600682"
"936","101600681"
"935","101600680"
"934","101600679"
"933","101600678"
"932","101600676"
"931","101600675"
"930","101600674"
"929","101600673"
"928","101600672"
"927","101600671"
"926","101600670"
"925","101600669"
"924","101600668"
"923","101600667"
"922","101600666"
"921","101600665"
"920","101600663"
"919","101600662"
"918","101600661"
"917","101600660"
"916","101600658"
"915","101600656"
"914","101600655"
"913","101600654"
"912","101600653"
"911","101600651"
"910","101600650"
"909","101600649"
"908","101600648"
"907","101600647"
"906","101600646"
"905","101600645"
"904","101600644"
"903","101600643"
"902","101600642"
"901","101600641"
"900","101600640"
"899","101600637"
"898","101600636"
"897","101600635"
"896","101600634"
"895","101600633"
"894","101600632"
"893","101600630"
"892","101600629"
"891","101600628"
"890","101600626"
"888","101600623"
"887","101600622"
"886","101600620"
"885","101600615"
"884","101600610"
"883","101600608"
"882","101600605"
"881","101600601"
"880","101600512"
"879","101600511"
"878","101600510"
"877","101600509"
"876","101600508"
"875","101600507"
"874","101600506"
"873","101600503"
"872","101600502"
"871","101600501"
"870","101600303"
"869","101600302"
"868","101600301"
"867","101600203"
"866","101600202"
"865","101600201"
"864","101600102"
"863","101600101"
"862","101500309"
"861","101500305"
"860","101500304"
"859","101500303"
"858","101500302"
"857","101500301"
"855","101500168"
"854","101500167"
"853","101500166"
"852","101500165"
"851","101500164"
"850","101500163"
"849","101500162"
"848","101500161"
"847","101500160"
"846","101500159"
"845","101500158"
"844","101500157"
"843","101500156"
"842","101500155"
"841","101500154"
"840","101500153"
"839","101500152"
"838","101500151"
"837","101500150"
"836","101500149"
"835","101500148"
"834","101500147"
"833","101500146"
"832","101500107"
"831","101500145"
"830","101500144"
"829","101500143"
"828","101500142"
"827","101500141"
"826","101500140"
"825","101500139"
"824","101500138"
"823","101500137"
"822","101500134"
"821","101500133"
"820","101500132"
"819","101500131"
"818","101500130"
"817","101500126"
"816","101500125"
"815","101500124"
"814","101500123"
"813","101500122"
"812","101500118"
"811","101500117"
"810","101500113"
"809","101500111"
"808","101500110"
"807","101500109"
"806","101500108"
"805","101500105"
"804","101500104"
"803","101500103"
"802","101500102"
"801","101500101"
"799","101400301"
"798","101400210"
"797","101400209"
"796","101400208"
"795","101400207"
"794","101400206"
"793","101400205"
"792","101400204"
"791","101400203"
"790","101400202"
"789","101400201"
"788","101400125"
"785","101400122"
"784","101400121"
"783","101400120"
"782","101400119"
"781","101400118"
"780","101400117"
"779","101400116"
"778","101400115"
"777","101400114"
"776","101400113"
"775","101400112"
"774","101400111"
"773","101400110"
"772","101400109"
"771","101400108"
"770","101400107"
"769","101400106"
"767","101400104"
"766","101400103"
"765","101400102"
"764","101400101"
"763","101300403"
"762","101300402"
"761","101300306"
"760","101300305"
"759","101300304"
"758","101300303"
"757","101300302"
"756","101300301"
"749","101300110"
"748","101300109"
"747","101300108"
"746","101300107"
"745","101300106"
"744","101300105"
"743","101300104"
"742","101300103"
"741","101300102"
"740","101300101"
"739","101200320"
"738","101200319"
"737","101200318"
"736","101200317"
"735","101200316"
"734","101200315"
"733","101200314"
"732","101200313"
"731","101200312"
"730","101200311"
"729","101200310"
"728","101200309"
"727","101200308"
"726","101200306"
"724","101200302"
"723","101200301"
"722","101200219"
"721","101200218"
"720","101200217"
"719","101200216"
"717","101200214"
"716","101200213"
"715","101200212"
"714","101200211"
"713","101200210"
"712","101200208"
"711","101200207"
"710","101200205"
"709","101200204"
"708","101200203"
"707","101200202"
"706","101200201"
"705","101200106"
"704","101200105"
"703","101200104"
"702","101200103"
"701","101200102"
"700","101200101"
"699","101100647"
"698","101100646"
"697","101100645"
"696","101100644"
"695","101100643"
"694","101100642"
"693","101100641"
"692","101100640"
"691","101100639"
"690","101100638"
"689","101100637"
"688","101100636"
"687","101100635"
"686","101100634"
"685","101100633"
"684","101100632"
"683","101100631"
"682","101100630"
"681","101100629"
"680","101100628"
"679","101100627"
"678","101100626"
"677","101100625"
"676","101100624"
"675","101100623"
"674","101100622"
"673","101100621"
"672","101100620"
"671","101100619"
"670","101100618"
"669","101100617"
"668","101100616"
"667","101100615"
"666","101100614"
"665","101100613"
"664","101100612"
"663","101100611"
"662","101100610"
"661","101100609"
"660","101100608"
"659","101100607"
"658","101100606"
"657","101100605"
"656","101100604"
"655","101100603"
"654","101100602"
"653","101100601"
"652","101100528"
"651","101100527"
"650","101100526"
"649","101100525"
"648","101100524"
"647","101100523"
"646","101100522"
"645","101100521"
"644","101100520"
"643","101100519"
"642","101100518"
"641","101100517"
"640","101100516"
"639","101100515"
"638","101100514"
"637","101100513"
"636","101100512"
"635","101100511"
"634","101100510"
"633","101100509"
"632","101100508"
"631","101100507"
"630","101100506"
"629","101100505"
"628","101100504"
"627","101100503"
"626","101100502"
"625","101100501"
"623","101100416"
"622","101100415"
"621","101100414"
"620","101100413"
"619","101100412"
"618","101100411"
"617","101100410"
"616","101100409"
"615","101100408"
"614","101100407"
"613","101100405"
"612","101100403"
"611","101100402"
"610","101100401"
"609","101100304"
"608","101100303"
"607","101100302"
"605","101100243"
"604","101100242"
"600","101100238"
"599","101100237"
"598","101100236"
"597","101100235"
"596","101100234"
"595","101100233"
"594","101100232"
"593","101100231"
"592","101100230"
"591","101100229"
"590","101100228"
"589","101100227"
"588","101100226"
"587","101100225"
"586","101100224"
"585","101100220"
"584","101100219"
"583","101100218"
"582","101100217"
"581","101100215"
"580","101100214"
"579","101100213"
"578","101100212"
"577","101100211"
"576","101100210"
"575","101100209"
"574","101100208"
"573","101100207"
"572","101100206"
"571","101100205"
"570","101100204"
"569","101100203"
"568","101100202"
"567","101100201"
"566","101100104"
"565","101100103"
"564","101100102"
"563","101100101"
"561","101000810"
"560","101000809"
"559","101000808"
"558","101000807"
"556","101000805"
"555","101000804"
"554","101000803"
"553","101000802"
"552","101000705"
"551","101000704"
"550","101000703"
"549","101000702"
"548","101000701"
"547","101000610"
"546","101000609"
"545","101000608"
"544","101000607"
"543","101000606"
"542","101000605"
"541","101000604"
"540","101000603"
"539","101000602"
"538","101000601"
"537","101000402"
"536","101000401"
"527","101000205"
"526","101000204"
"525","101000203"
"524","101000202"
"523","101000201"
"522","101000109"
"521","101000108"
"520","101000107"
"519","101000106"
"518","101000105"
"517","101000104"
"516","101000103"
"514","101000102"
"513","101000101"
"512","100910003"
"511","100910002"
"510","100910001"
"509","100900619"
"508","100900618"
"507","100900617"
"506","100900616"
"505","100900615"
"504","100900614"
"503","100900613"
"502","100900612"
"501","100900611"
"500","100900610"
"499","100900609"
"498","100900608"
"497","100900607"
"496","100900606"
"495","100900605"
"494","100900604"
"493","100900603"
"492","100900602"
"491","100900601"
"490","100900558"
"489","100900557"
"488","100900556"
"487","100900555"
"486","100900554"
"484","100900552"
"483","100900551"
"482","100900550"
"481","100900549"
"480","100900548"
"479","100900547"
"478","100900546"
"477","100900545"
"476","100900544"
"474","100900542"
"473","100900541"
"472","100900540"
"471","100900539"
"470","100900538"
"469","100900537"
"465","100900530"
"464","100900529"
"463","100900528"
"462","100900527"
"461","100900526"
"460","100900525"
"459","100900523"
"458","100900522"
"457","100900521"
"456","100900520"
"455","100900519"
"454","100900518"
"453","100900517"
"452","100900516"
"451","100900515"
"450","100900514"
"449","100900509"
"448","100900508"
"447","100900507"
"446","100900506"
"445","100900505"
"444","100900504"
"442","100900501"
"441","100900407"
"439","100900403"
"438","100900402"
"437","100900401"
"436","100900302"
"435","100900301"
"432","100900218"
"431","100900217"
"430","100900216"
"429","100900215"
"428","100900214"
"427","100900213"
"425","100900211"
"424","100900210"
"423","100900208"
"422","100900207"
"421","100900206"
"420","100900203"
"419","100900202"
"418","100900201"
"417","100900117"
"416","100900116"
"415","100900115"
"414","100900114"
"412","100900112"
"411","100900111"
"410","100900110"
"409","100900109"
"408","100900108"
"407","100900107"
"406","100900103"
"405","100900102"
"402","100800210"
"401","100800206"
"400","100800205"
"399","100800203"
"398","100800115"
"396","100800113"
"395","100800111"
"394","100800110"
"393","100800109"
"392","100800107"
"391","100800105"
"390","100800104"
"389","100800103"
"388","100800102"
"387","100800101"
"386","100700171"
"385","100700170"
"384","100700169"
"383","100700168"
"382","100700167"
"377","100700162"
"376","100700161"
"375","100700160"
"374","100700159"
"373","100700158"
"372","100700157"
"371","100700156"
"370","100700155"
"369","100700154"
"368","100700153"
"367","100700152"
"366","100700151"
"365","100700150"
"364","100700149"
"363","100700148"
"362","100700147"
"361","100700146"
"360","100700143"
"359","100700142"
"358","100700141"
"357","100700140"
"356","100700139"
"355","100700137"
"354","100700136"
"353","100700135"
"352","100700132"
"351","100700131"
"350","100700130"
"349","100700128"
"348","100700126"
"347","100700124"
"346","100700123"
"345","100700122"
"344","100700121"
"343","100700120"
"342","100700118"
"341","100700117"
"340","100700116"
"339","100700111"
"338","100700110"
"337","100700107"
"336","100700106"
"335","100700105"
"334","100700103"
"333","100700102"
"332","100700101"
"331","100600113"
"330","100600112"
"329","100600111"
"328","100600110"
"327","100600109"
"326","100600108"
"325","100600107"
"324","100600106"
"323","100600101"
"322","100500470"
"321","100500469"
"320","100500468"
"319","100500467"
"318","100500466"
"317","100500465"
"316","100500464"
"315","100500463"
"314","100500462"
"313","100500461"
"312","100500460"
"311","100500459"
"310","100500458"
"309","100500457"
"308","100500456"
"307","100500455"
"306","100500454"
"305","100500453"
"304","100500452"
"303","100500451"
"302","100500450"
"301","100500449"
"300","100500448"
"299","100500447"
"297","100500445"
"296","100500444"
"295","100500443"
"294","100500442"
"293","100500441"
"290","100500438"
"289","100500437"
"288","100500436"
"287","100500435"
"286","100500434"
"285","100500433"
"284","100500432"
"283","100500431"
"282","100500430"
"281","100500429"
"280","100500428"
"279","100500427"
"278","100500426"
"277","100500425"
"276","100500424"
"275","100500423"
"274","100500422"
"273","100500421"
"272","100500420"
"271","100500419"
"270","100500418"
"269","100500417"
"268","100500416"
"267","100500415"
"266","100500414"
"265","100500413"
"264","100500412"
"263","100500410"
"262","100500407"
"261","100500406"
"260","100500405"
"259","100500404"
"258","100500403"
"257","100500402"
"255","100500318"
"254","100500317"
"253","100500316"
"252","100500315"
"251","100500314"
"250","100500312"
"248","100500221"
"247","100500220"
"246","100500219"
"245","100500218"
"244","100500217"
"243","100500216"
"242","100500214"
"241","100500213"
"240","100500212"
"239","100500211"
"238","100500210"
"237","100500208"
"236","100500207"
"235","100500206"
"234","100500205"
"233","100500204"
"232","100500203"
"231","100500202"
"229","100500123"
"228","100500122"
"227","100500121"
"225","100500119"
"224","100500118"
"223","100500117"
"222","100500116"
"221","100500115"
"220","100500114"
"219","100500113"
"218","100500112"
"217","100500111"
"216","100500110"
"215","100500109"
"214","100500107"
"213","100500106"
"212","100500105"
"211","100500103"
"210","100500102"
"209","100500101"
"208","100400324"
"207","100400323"
"197","100400313"
"196","100400312"
"193","100400309"
"192","100400308"
"191","100400307"
"190","100400306"
"189","100400305"
"188","100400304"
"187","100400302"
"186","100400301"
"185","100400212"
"184","100400211"
"183","100400210"
"182","100400209"
"181","100400208"
"180","100400207"
"178","100400110"
"177","100400109"
"176","100400108"
"175","100400107"
"174","100400106"
"173","100400105"
"172","100400104"
"171","100400103"
"170","100400102"
"169","100400101"
"168","100310009"
"167","100310008"
"166","100310007"
"165","100310006"
"163","100300620"
"162","100300619"
"161","100300618"
"160","100300617"
"159","100300616"
"158","100300615"
"157","100300614"
"156","100300611"
"155","100300610"
"154","100300609"
"153","100300607"
"152","100300605"
"151","100300603"
"150","100300602"
"148","100300516"
"147","100300515"
"146","100300514"
"143","100300209"
"142","100300208"
"141","100300207"
"140","100300205"
"139","100300130"
"138","100300129"
"137","100300128"
"136","100300127"
"135","100300126"
"134","100300125"
"133","100300124"
"132","100300123"
"131","100300102"
"130","100300101"
"129","100201109"
"128","100201108"
"127","100201107"
"126","100201106"
"123","100201103"
"122","100201102"
"121","100201101"
"120","100201004"
"119","100201003"
"118","100201002"
"117","100201001"
"116","100200906"
"115","100200905"
"114","100200904"
"113","100200903"
"112","100200902"
"111","100200901"
"110","100200707"
"109","100200706"
"108","100200705"
"107","100200704"
"106","100200703"
"105","100200702"
"104","100200701"
"103","100200615"
"102","100200614"
"101","100200613"
"100","100200612"
"99","100200611"
"98","100200610"
"97","100200609"
"96","100200608"
"95","100200607"
"94","100200606"
"93","100200605"
"92","100200604"
"91","100200603"
"90","100200602"
"89","100200601"
"88","100200501"
"87","100200422"
"86","100200421"
"85","100200420"
"84","100200419"
"83","100200418"
"82","100200417"
"81","100200416"
"80","100200415"
"79","100200414"
"78","100200413"
"77","100200412"
"76","100200411"
"75","100200410"
"74","100200409"
"73","100200408"
"72","100200407"
"71","100200406"
"70","100200405"
"69","100200404"
"68","100200403"
"67","100200402"
"66","100200401"
"65","100200302"
"64","100200301"
"63","100200204"
"62","100200203"
"61","100200202"
"60","100200201"
"59","100200104"
"58","100200103"
"57","100200102"
"56","100200101"
"55","100100712"
"54","100100711"
"50","100100707"
"49","100100706"
"48","100100705"
"47","100100704"
"46","100100701"
"45","100100617"
"44","100100616"
"43","100100615"
"42","100100614"
"41","100100613"
"40","100100612"
"39","100100611"
"38","100100610"
"37","100100609"
"36","100100608"
"35","100100607"
"34","100100606"
"33","100100605"
"32","100100603"
"31","100100602"
"30","100100601"
"29","100100504"
"28","100100503"
"27","100100502"
"26","100100501"
"25","100100405"
"24","100100404"
"23","100100403"
"22","100100402"
"21","100100401"
"20","100100306"
"19","100100305"
"18","100100304"
"17","100100303"
"16","100100302"
"15","100100301"
"14","100100211"
"13","100100210"
"12","100100209"
"11","100100208"
"10","100100207"
"9","100100206"
"8","100100204"
"7","100100202"
"6","100100201"
"5","100100108"
"4","100100107"
"3","100100104"
"2","100100103"
